Name,Age,Email,Phone,City
John Doe,28,john.doe@email.com,555-1234,New York
Jane Smith,35,jane.smith@email.com,555-5678,Los Angeles
Bob Johnson,42,bob.johnson@email.com,555-9876,Chicago
Alice Williams,30,alice.williams@email.com,555-4321,San Francisco
Charlie Brown,25,charlie.brown@email.com,555-8765,Seattle
Emily Davis,38,emily.davis@email.com,555-2345,Miami
David Miller,45,david.miller@email.com,555-8765,Boston
Eva Jones,32,eva.jones@email.com,555-3456,Dallas
Frank White,29,frank.white@email.com,555-6543,Houston
Grace Taylor,34,grace.taylor@email.com,555-7890,Atlanta
Henry Clark,41,henry.clark@email.com,555-2345,Denver
Isabel Lee,27,isabel.lee@email.com,555-8901,Phoenix
James Brown,36,james.brown@email.com,555-3456,Las Vegas
Karen Wilson,33,karen.wilson@email.com,555-6789,Portland
Larry Green,40,larry.green@email.com,555-1234,San Diego
Megan Carter,26,megan.carter@email.com,555-9876,Austin
Nathan Hall,39,nathan.hall@email.com,555-4321,Philadelphia
Olivia Turner,31,olivia.turner@email.com,555-8765,Minneapolis
Paul Harris,37,paul.harris@email.com,555-2345,Detroit
Quincy Adams,28,quincy.adams@email.com,555-7890,Charlotte
